{
  "total": 1000,
  "tp": 413,
  "tn": 42,
  "fp": 458,
  "fn": 87,
  "accuracy": 45.5,
  "recall": 82.6,
  "precision": 47.41676234213548,
  "f1_score": 60.24799416484318,
  "fpr": 91.60000000000001,
  "fnr": 17.4
}